,G339D,S371L,S373P,S375F,K417N,N440K,G446S,S477N,T478K,E484A,Q493R,G496S,Q498R,N501Y,Y505H
1-57,0.0,0.0,0.0,0.0,0.0,0.0,0.3825054683580892,0.0,0.0,0.0,0.0,0.0059554746954818,0.0,0.0067110187334556,0.0
15033,0.0,0.0,0.0,0.0,0.0,0.0,0.0,0.0,0.0,0.0076481777752735,0.0,0.0,0.0,0.0,0.0
2-15,0.0,0.0,0.0,0.0,0.0,0.0,0.0,0.0,0.0,0.1549372231203644,0.0113887836402657,0.0,0.0,0.0,0.0
AZD1061,0.0,0.0,0.0,0.0,0.0,0.0,0.0869290510591607,0.0,0.0,0.0,0.0,0.0,0.0,0.0,0.0
AZD8895,0.0,0.0,0.0,0.0,0.0,0.0,0.0,0.0,0.0,0.0,0.0,0.0,0.0,0.0,0.0
B38,0.0,0.0,0.0,0.0,0.4375243276904562,0.0,0.0,0.0,0.0,0.0,0.0,0.0,0.0,0.0,0.0
BD30-236,0.0,0.0,0.0,0.0,0.302502799554286,0.0,0.0,0.0,0.0,0.0,0.0,0.0,0.0,0.0,0.0
BD30-254,0.0,0.0,0.0,0.0,0.0,0.0,0.0,0.0,0.0,0.1520786971924343,0.0,0.0,0.0,0.0,0.0
BD30-319,0.0,0.0,0.0,0.0,0.0,0.0,0.0,0.0,1.0044171974433156,0.0086063697405021,0.0,0.0,0.0,0.0,0.0
BD30-362,0.0,0.0,0.0,0.0,0.0,0.0,0.0,0.0,0.0,0.015565161531902,0.0,0.0453611260788362,0.0,0.0,0.0
BD30-368,0.0,0.0,0.0,0.0,0.0,0.0,0.0,0.0,0.0,0.0057722418931622,0.0,0.006893690308302,0.0,0.0,0.0
BD30-369,0.0,0.0,0.0,0.0,0.0,0.0,0.0,0.0,0.0,0.0,0.0,0.0,0.0,0.0,0.0
BD30-397,0.0,0.0,0.0,0.0,0.0,0.0,0.0,0.0,0.0,0.9458128240540848,0.0,0.0,0.0,0.0,0.0
BD30-403,0.0,0.0,0.0,0.0,0.0,0.0,0.0,0.0,0.0,0.1296586504151411,0.2432603148482631,0.0,0.0,0.0,0.0
BD30-417,0.0,0.0,0.0,0.0,0.0,0.0,0.0,0.0,0.0,0.0171124478726217,0.0,0.0,0.0,0.0,0.0
BD30-449,0.0,0.0,0.0,0.0,0.0,0.0,0.0,0.0,0.0,0.0,0.0,0.0,0.0,0.0,0.0
BD30-467,0.0,0.0,0.0,0.0,0.0,0.0,0.0,0.0,0.0,0.0,0.0,0.0,0.0,0.0,0.0
BD30-494,0.0,0.0,0.0,0.0,0.0,0.0,0.0,0.0,0.0,0.0,0.0,0.0,0.0,0.0,0.0
BD30-498,0.0,0.0,0.0,0.0,0.0,0.0,0.0,0.0,0.0,0.0,0.0,0.0,0.0,0.0,0.0
BD30-500,0.0,0.0,0.0,0.0,0.0,0.0,0.0,0.0,0.0,0.0,0.0,0.0,0.0,0.0,0.0
BD30-503,0.0,0.0,0.0,0.0,0.0,0.0,0.0,0.0,0.0,0.0,0.0,0.0,0.0,0.0,0.0
BD30-504,0.0,0.0,0.0,0.0,0.0,0.0,0.0,0.0,0.0,0.0163256754252212,0.0,0.0,0.0,0.1473464286406596,0.0
BD30-508,0.0,0.0,0.0,0.0,0.0,0.0,0.0,0.0,0.0,0.0,0.0,0.0,0.0,0.0,0.0
BD30-536,0.0,0.0,0.0,0.0,0.0,0.0,0.0,0.0,0.0,0.6957839515010205,0.0,0.0,0.0,0.0,0.0
BD30-566,0.0,0.0,0.0,0.0,0.0,0.0,0.0,0.0,0.0,0.0,0.0,0.0,0.0,0.0,0.0
BD30-593,0.0,0.0,0.0,0.0,0.0,0.0,0.0,0.0,0.0,0.5203360666502342,0.0,0.0,0.0,0.0,0.0
BD30-598,0.0,0.0,0.0,0.0,0.3428753660408266,0.0,0.0,0.0,0.0,0.0,0.0,0.0,0.0,0.0,0.0
BD30-599,0.0,0.0,0.0,0.0,0.0,0.0,0.0,0.0,0.0,0.0,0.0,0.0,0.0,0.0,0.0
BD30-604,0.0028840399063608,0.0039655838348228,0.005695959554553,0.0,0.0094781525515789,0.0022911443374715,0.0038400397132782,0.0038264470722001,0.0024495029558367,0.0034295306173783,0.0033003699234274,0.0036036070474677,0.0031739491529177,0.0037372937353088,0.0035160124121407
BD30-605,0.0,0.0,0.0,0.0,0.2432686307203166,0.0,0.0,0.0,0.0,0.0,0.0,0.0,0.0,0.0,0.0
BD30-612,0.0,0.0,0.0,0.0,0.0,0.0,0.0,0.0,0.0,0.0,0.0,0.0,0.0,0.0,0.0
BD30-614,0.0,0.0,0.0,0.0,0.0,0.0,0.0,0.0,0.0,0.0,0.0,0.0,0.0,0.0,0.0
BD30-616,0.0,0.0,0.0,0.0,0.0,0.0,0.0,0.0,0.0,0.0,0.0,0.0,0.0,0.0,0.0
BD30-618,0.0,0.0,0.0,0.0,0.4250681073198512,0.0,0.0,0.0,0.0,0.0,0.0,0.0,0.0,0.0,0.0
BD30-619,0.0,0.0,0.0,0.0,0.2336516794677914,0.0,0.0,0.0,0.0,0.0,0.0,0.0,0.0,0.0,0.0
BD30-623,0.0,0.0,0.0,0.0,0.0,0.0,0.0,0.0,0.0,0.0,0.0,0.0,0.0,0.0170016636157546,0.0
BD55-109,0.0,0.0,0.0,0.0,0.0,0.0,0.0,0.6239518877017844,0.0,0.0,0.0,0.0,0.0,0.0,0.0
BD55-1104,0.0,0.0,0.0,0.0,0.0,0.0,0.0071739929067906,0.0,0.0,0.0,0.0,0.0,0.0,0.0,0.0
BD55-114,0.0,0.0,0.0,0.0,0.0,0.0,0.0,0.0,0.0,0.0,0.0,0.0,0.0,0.0,0.0
BD55-118,0.0,0.0,0.0,0.0,0.0,0.0,0.0,0.0,0.0,0.0,0.0,0.0,0.0,0.0,0.0
BD55-1237,0.0,0.0,0.0,0.0,0.0,0.0,0.0,0.0,0.0,0.0,0.0,0.0,0.0,0.0,0.0
BD55-1274,0.0,0.0,0.0,0.0,0.0,0.0,0.0,0.0,0.0,0.0123953562392792,0.0,0.0,0.0,0.0,0.0
BD55-1294,0.0,0.0,0.0,0.0,0.0,0.0,0.0,0.0,0.0,0.0,0.0,0.0,0.0,0.0,0.0
BD55-13,0.0,0.0,0.0,0.0,0.0,0.0,0.4745013875990055,0.0,0.0,0.2191454540309504,0.0,0.1741054172079854,0.3523906800018371,0.4378789417493174,0.0
BD55-1374,0.0,0.0,0.0,0.0,0.2809381915492063,0.0,0.0,0.0,0.0,0.0,0.8268579848122715,0.0070300227136376,0.0,0.0,0.0
BD55-1403,0.1057383889117178,0.0,0.0,0.0,0.0,0.0,0.0,0.0,0.0,0.0,0.0,0.0,0.0,0.0,0.0
BD55-1508,0.0,0.0,0.0,0.0,0.0,0.0,0.0,0.0,0.0,0.0070066304648054,0.7970892140671693,0.0068390603579,0.0,0.0,0.0068178472583335
BD55-1579,0.0,0.0,0.0,0.0,0.0,0.0,0.0,0.0,0.0,0.0036244176596026,0.0,0.0,0.0,0.0,0.0
BD55-160,0.0,0.0,0.0,0.0,0.0,0.0,0.0,0.0,0.0,0.301298584599199,0.0,0.0,0.0,0.0,0.0
BD55-161,0.0,0.0,0.0,0.0,0.0,0.0,0.0,0.0,0.0,0.0031873634471323,0.0,0.0,0.0,0.0,0.0
BD55-166,0.0,0.0,0.0,0.0,0.0,0.0,0.0,0.0,0.0,0.0,0.0,0.0,0.0,0.0,0.0
BD55-1694,0.0,0.0,0.0,0.0,0.0,0.0,0.0,0.0,0.0,0.1478444901016721,0.0,0.0,0.0,0.0,0.0
BD55-1706,0.0,0.0,0.0,0.0,0.0,0.0,0.0,0.0,0.0,0.0,0.0,0.0,0.0,0.0,0.0
BD55-171,0.0,0.0,0.0,0.0,0.0,0.0,0.0,0.0,0.0,0.0,0.0,0.0,0.0,0.0,0.0
BD55-174,0.0,0.0,0.0,0.0,0.0,0.0,0.0,0.0,0.0,0.0,0.0,0.0,0.0,0.0,0.0
BD55-175,0.0,0.0,0.0,0.0,0.0,0.0,0.0,0.0,0.0,0.0,0.0,0.0,0.0,0.0,0.0
BD55-1763,0.0,0.0,0.0,0.0,0.0025038189012526,0.0,0.0,0.0,0.0,0.0,0.7237915042260294,0.0,0.0,0.0,0.0
BD55-1789,0.0,0.0,0.0,0.0,0.4994217680517304,0.0,0.0,0.0,0.0,0.0,0.0,0.0,0.0,0.0,0.0
BD55-182,0.0,0.0,0.0,0.0,0.0,0.0,0.0541189181931343,0.0,0.0,0.0,0.0,0.0,0.0,0.0,0.0
BD55-1831,0.0,0.0,0.0,0.0,0.0,0.0,0.0,0.0,0.0,0.0,0.0,0.0,0.0,0.0,0.0
BD55-185,0.0,0.0,0.0,0.0,0.0,0.0,0.0,0.0,0.0,0.0,0.0,0.0,0.0,0.0,0.0
BD55-187,0.0,0.0,0.0,0.0,0.0,0.0,0.0086295301605895,0.0,0.0,0.0,0.0,0.0,0.0,0.0,0.0
BD55-192,0.0,0.0,0.0,0.0,0.4178568504534057,0.0,0.0,0.0,0.0,0.0,0.5351238283719255,0.0,0.0,0.0,0.0
BD55-194,0.0,0.0,0.0,0.0,0.0,0.0,0.0,0.0,0.0,0.0,0.0,0.0,0.0,0.0,0.0
BD55-1962,0.0,0.0,0.0,0.0,0.0,0.0,0.0,0.0,0.0,0.0046650468354384,0.0,0.0,0.0,0.0,0.0
BD55-203,0.0,0.0,0.0,0.0,0.0,0.0,0.0,0.0,0.0,0.0,0.0,0.0,0.0,0.0,0.0
BD55-206,0.0,0.0,0.0,0.0,0.0,0.0,0.0,0.0,0.0,0.0,0.0,0.0,0.0,0.0,0.0
BD55-234,0.0,0.0,0.0,0.0,0.0,0.0,0.010305370637454,0.0,0.0,0.0,0.0,0.0,0.0,0.0,0.0
BD55-240,0.0,0.0,0.0,0.0,0.0,0.0,0.0,0.0,0.0,0.7511758443074139,0.0,0.0,0.0,0.0,0.0
BD55-269,0.0,0.0,0.0,0.0,0.0,0.0,0.0,0.0,0.0,0.0,0.0,0.0,0.0,0.0,0.0
BD55-270,0.0,0.0,0.0,0.0,0.0,0.0,0.0,0.0,0.0,0.0240956251938806,0.5416336741957637,0.0,0.0,0.0,0.0
BD55-277,0.0,0.0,0.0,0.0,0.0,0.0,0.0,0.0,0.0,0.0,0.0,0.0,0.0,0.0,0.0032253062414457
BD55-283,0.0,0.0,0.0,0.0,0.0,0.0,0.0,0.0,0.0,0.0,0.0,0.0,0.0,0.0,0.0
BD55-284,0.0,0.0,0.0,0.0,0.0,0.0,0.0,0.0,0.0,0.0,0.0,0.0,0.0,0.0,0.0
BD55-285,0.0,0.0,0.0,0.0,0.0,0.0,0.0,0.0,0.0,0.0,0.0,0.0,0.0,0.0,0.0
BD55-288,0.0,0.0,0.0,0.0,0.0,0.0,0.0038145732607907,0.0,0.0,0.0,0.0,0.0,0.0,0.0,0.0
BD55-292,0.0,0.0,0.0,0.0,0.0,0.0,0.0,0.0,0.0,0.0,0.0,0.0,0.0,0.0,0.0
BD55-293,0.0,0.0,0.0,0.0,0.0,0.0,0.0,0.0,0.0,0.0,0.0,0.0,0.0,0.0,0.0
BD55-300,0.0,0.0,0.0,0.0,0.1853632287694719,0.0,0.0,0.0,0.0,0.0,0.7251427967445314,0.0,0.0,0.0,0.0
BD55-302,0.0,0.0,0.0,0.0,0.0,0.0,0.0,0.0,0.0,0.0,0.0,0.0,0.0,0.0,0.0
BD55-3149,0.2862464537802041,0.0,0.0,0.0,0.0,0.0,0.0,0.0,0.0,0.0,0.0,0.0,0.0,0.0,0.0
BD55-3152,0.0,0.0,0.0,0.0,0.0,0.0,0.0,0.0,0.0,0.0,0.0,0.0,0.0,0.0,0.0
BD55-3304,0.0,0.0,0.0,0.0,0.0,0.0,0.0,0.0,0.0,0.0195256429943893,0.0,0.0,0.0,0.0,0.0
BD55-3372,0.0,0.0,0.0,0.0,0.0,0.0,0.0,0.0,0.0,0.0,0.0,0.0,0.0,0.0,0.0
BD55-3433,0.0,0.014397752831845,0.0,0.0,0.0,0.0,0.0,0.0,0.0,0.0,0.0,0.0,0.0,0.0,0.0
BD55-3440,0.0086125977889578,0.0,0.0,0.0,0.0,0.0,0.0,0.0,0.0,0.0,0.0,0.0,0.0,0.0,0.0
BD55-3451,0.5694823488164473,0.0,0.0,0.0,0.0,0.0,0.0,0.0,0.0,0.0,0.0,0.0,0.0,0.0,0.0
BD55-3457,0.0251854151839072,0.0,0.0,0.0,0.0,0.3139903808337269,0.0797880901731781,0.0,0.0,0.0,0.0,0.0,0.0,0.0,0.0
BD55-3500,0.0,0.0,0.0,0.0,0.0,0.0,0.0,0.0,0.0,0.0,0.0,0.0,0.0,0.0,0.0
BD55-3525,0.0,0.0,0.0,0.0,0.0,0.0,0.0,0.0,0.0,0.0,0.0,0.0,0.0,0.0,0.0
BD55-3546,0.0,0.0,0.0,0.0,0.0,0.0,0.0,0.0,0.0,0.0,0.0,0.0,0.0,0.0,0.0
BD55-3637,0.0,0.0,0.0,0.0,0.0,0.0,0.0,0.0,0.0,0.0,0.0,0.0,0.0,0.0,0.0
BD55-3716,0.0,0.7038691803166819,0.0,0.0,0.0,0.0,0.0,0.0,0.0,0.0,0.0,0.0,0.0,0.0,0.0
BD55-387,0.0,0.0,0.0,0.0,0.0,0.0,0.0061674086844324,0.0,0.0,0.0,0.0,0.0,0.0,0.0,0.0
BD55-4281,0.7267272769880718,0.0,0.0,0.0,0.0,0.0,0.0,0.0,0.0,0.0,0.0,0.0,0.0,0.0,0.0
BD55-4285,0.0081426240853349,0.0,0.0,0.0,0.0,0.0,0.0,0.0,0.0,0.0,0.0,0.0,0.0,0.0,0.0
BD55-4325,0.0,0.0,0.0,0.0,0.0,0.2167739085234139,0.0,0.0,0.0,0.0,0.0,0.0,0.0,0.0,0.0
BD55-4382,0.0,0.0,0.0,0.0,0.0,0.0,0.0,0.0,0.0,0.4241231512169348,0.0,0.0,0.0,0.0,0.0
BD55-5170,0.0,0.0,0.0,0.0,0.0,0.0,0.0,0.0,0.0,0.0,0.0,0.0,0.0,0.0,0.0
BD55-5195,0.0,0.0,0.0,0.0,0.0,0.0,0.0,0.0,0.0,0.0,0.0,0.0,0.0,0.0,0.0
BD55-5226,0.0,0.0,0.0,0.0,0.0,0.0,0.0,0.0,0.0,0.0,0.0,0.0,0.0,0.0,0.0152098807910633
BD55-5228,0.0,0.0,0.0,0.0,0.0,0.0,0.0,0.0,0.0,0.0,0.0,0.0,0.0,0.0,0.0
BD55-5233,0.0,0.0,0.0,0.0,0.0,0.0,0.0,0.0,0.0,0.0,0.0,0.0,0.0,0.0,0.0
BD55-5259,0.0,0.0,0.0,0.0,0.0,0.0,0.0,0.0,0.0,0.0,0.0,0.0,0.0,0.0,0.0017810392174367
BD55-5267,0.0,0.0,0.0,0.0,0.0,0.0,0.0,0.0,0.0,0.0,0.0,0.0,0.0,0.0,0.0
BD55-5276,0.0,0.0,0.0,0.0,0.0,0.0,0.0,0.0,0.0,0.0,0.0,0.0,0.0,0.0,0.0
BD55-5293,0.0,0.0,0.0,0.0,0.0,0.0,0.0,0.077977904633454,0.0,0.0,0.0,0.0,0.0,0.0,0.0
BD55-5300,0.0,0.0,0.0,0.0,0.0,0.0,0.0,0.0,0.0,0.0,0.0,0.0,0.0,0.0,0.0
BD55-5319,0.0094987185383865,0.0067102933334335,0.0,0.0,0.0,0.0,0.0,0.0079141079332631,0.0,0.0,0.0,0.0,0.0,0.0,0.0
BD55-5325,0.0,0.0,0.0,0.0,0.0,0.0,0.0,0.0,0.0,0.0,0.0,0.0,0.0,0.0,0.0
BD55-5333,0.0,0.6695908580450833,0.0,0.0,0.0,0.0,0.0,0.0,0.0,0.0,0.0,0.0,0.0,0.0,0.0
BD55-5339,0.0,0.0,0.0,0.0,0.0,0.0,0.0,0.0,0.0,0.0,0.0,0.0,0.0,0.0,0.0
BD55-5365,0.0,0.0,0.0,0.0,0.0,0.0,0.0,0.0,0.0,0.0,0.0,0.0,0.0,0.0,0.0
BD55-5382,0.0,0.0,0.0,0.0,0.0,0.0,0.0,0.0,0.0,0.0,0.0,0.0,0.0,0.0,0.0
BD55-5384,0.0,0.0,0.0,0.0,0.0,0.0,0.0,0.0,0.0,0.0,0.0,0.0,0.0,0.0,0.0
BD55-5386,0.0225469363870136,0.0,0.0,0.0,0.0,0.0,0.0,0.0,0.0,0.0,0.0,0.0,0.0,0.0,0.0
BD55-62,0.0,0.0,0.0,0.0,0.0,0.0,0.0,0.0,0.0,0.0,0.0,0.0,0.0,0.0,0.0
BD55-63,0.0,0.0,0.0,0.0,0.5519312724394335,0.0,0.0,0.0,0.0,0.0,0.0,0.0,0.0,0.0,0.0
BD55-64,0.0,0.0,0.0,0.0,0.6585799059048404,0.0,0.0,0.0,0.0,0.0,0.0,0.0,0.0,0.0,0.0
BD55-72,0.0,0.0,0.0,0.0,0.0,0.0,0.0,0.0,0.0,0.0,0.0,0.0,0.0,0.0,0.0
BD55-78,0.0,0.0,0.0,0.0,0.0,0.0,0.0,0.0,0.0,0.0,0.0,0.0,0.0,0.0,0.0
BD55-83,0.0,0.0,0.0,0.0,0.0,0.0,0.0,0.0,0.0,0.0,0.0,0.0,0.0,0.0,0.0
BD55-85,0.0,0.0,0.0,0.0,0.2079385486989249,0.0,0.0,0.0,0.0,0.0,0.0,0.0,0.0,0.0,0.0
BG1-24,0.0,0.0,0.0,0.0,0.0,0.0,0.0,0.0,0.0,0.6106396335511856,0.0,0.0,0.0,0.0,0.0
BG10-19,0.0,0.0,0.0,0.0,0.0,0.0,0.0,0.0,0.0,0.003334998667677,0.0,0.0,0.0,0.0,0.0
BG4-25,0.0,0.0,0.0,0.0,0.0628926564516791,0.0,0.0,0.0,0.0,0.0,0.0,0.0,0.0,0.0,0.0
BG7-15,0.0,0.0,0.0,0.0,0.0,0.0,0.5463855824081708,0.0,0.0,0.0,0.0,0.0,0.0,0.0,0.0
BG7-20,0.0,0.0,0.0,0.0,0.0,0.0,0.0,0.0,0.0,0.0056842765724839,0.0,0.0,0.0,0.0,0.0
BRII-196,0.0,0.0,0.0,0.0,0.0,0.0,0.0,0.0,0.0,0.0,0.0,0.0,0.0,0.0,0.0
C002,0.0,0.0,0.0,0.0,0.0,0.0,0.0,0.0,0.0,0.3244429484575085,0.4083073622716866,0.0,0.0,0.0,0.0
C058,0.0,0.0,0.0,0.0,0.0,0.0,0.0,0.0,0.0,0.5634478946491829,0.0,0.0,0.0,0.0,0.0
C083,0.0,0.0,0.0,0.0,0.0,0.0,0.0,0.0,0.307786016286891,0.0577528012534999,0.0,0.0,0.0,0.0,0.0
C093,0.0,0.0,0.0,0.0,0.0,0.0,0.0,0.0,0.0,0.0,0.0411144828002565,0.0,0.0,0.0,0.0
C102,0.0,0.0,0.0,0.0,0.1834654184070187,0.0,0.0,0.0,0.0,0.0,0.0,0.0,0.0,0.0,0.0
C105,0.0,0.0,0.0,0.0,0.2436225265303929,0.0,0.0,0.0,0.0,0.0,0.0,0.0,0.0,0.0,0.0
C110,0.0,0.0,0.0,0.0,0.0,0.4284116906433654,0.0,0.0,0.0,0.0,0.0,0.0,0.0,0.0,0.0
C119,0.0,0.0,0.0,0.0,0.0,0.0,0.0693622724528037,0.0,0.0,0.0644884438655065,0.0,0.0,0.0,0.0,0.0
C121,0.0,0.0,0.0,0.0,0.0,0.0,0.0,0.0,0.0,0.3776129808413112,0.0027651440532183,0.0,0.0,0.0,0.0
C1A-B12,0.0,0.0,0.0,0.0,0.6839470572823905,0.0,0.0,0.0,0.0,0.0511965270033772,0.5925591571954504,0.0,0.0,0.1584259976004515,0.0
C1A-B3,0.0,0.0,0.0,0.0,0.5252856187573116,0.0,0.0,0.0,0.0,0.0,0.0,0.0,0.0,0.0,0.0
C1A-C2,0.0,0.0,0.0,0.0,0.5220389716440657,0.0,0.0,0.0,0.0,0.0,0.0,0.0,0.0,0.0,0.0
C1A-F10,0.0,0.0,0.0,0.0,0.5505347886538364,0.0,0.0,0.0,0.0,0.0,0.4497070454911532,0.0,0.0,0.0,0.0
C556,0.0,0.0,0.0,0.0,0.0,0.0,0.0,0.0,0.0,0.0,0.0,0.0,0.0,0.0,0.0
C576,0.0,0.0,0.0,0.0,0.0,0.0,0.0,0.0,0.0,0.0,0.0,0.0,0.0,0.0,0.0
C578,0.0,0.0,0.0,0.0,0.0,0.0,0.0,0.0,0.0,0.0034817105441928,0.5760735504702987,0.0,0.0,0.0,0.0
C581,0.0,0.0,0.0,0.0,0.0,0.0,0.0,0.0,0.0,0.0,0.0,0.0,0.0,0.0,0.0
C591,0.0,0.0,0.0,0.0,0.0,0.0,0.0,0.0,0.0,0.2747180186543784,0.0,0.0,0.0,0.0,0.0
C594,0.0,0.0,0.0066705561851477,0.0,0.0,0.0,0.0,0.0,0.0,0.0,0.0,0.0,0.0,0.0,0.0
C597,0.0,0.0,0.0,0.0,0.0,0.0,0.0,0.0,0.0,0.0,0.0,0.0,0.0,0.0,0.0
CA521,0.0,0.0,0.0,0.0,0.0,0.0,0.0,0.0,0.0,0.0,0.0,0.0,0.0,0.0,0.0
CB6,0.0,0.0,0.0,0.0,0.8613704269162252,0.0,0.0,0.0,0.0,0.0,0.0,0.0,0.0,0.0,0.0
CC12.1,0.0,0.0,0.0,0.0,0.7826972647258285,0.0,0.0,0.0,0.0,0.0,0.0,0.0,0.0,0.0,0.0
CC12.3,0.0,0.0,0.0,0.0,0.8712440876263735,0.0,0.0,0.0,0.0,0.0,0.0,0.0,0.0,0.0,0.0
CM32,0.0,0.0,0.0,0.0,0.0,0.0,0.0,0.0,0.0,0.3207588678687069,0.334805643000161,0.0,0.0,0.0,0.0
COV2-2015,0.0,0.0,0.0,0.0,0.0,0.0,0.0,0.0,0.0,0.0,0.0,0.0,0.0,0.0,0.0
COV2-2064,0.0,0.0,0.0,0.0,0.0,0.0,0.0,0.0,0.0,0.0088693825611803,0.0,0.0,0.0,0.0,0.0
COV2-2072,0.0,0.0,0.0,0.0,0.0,0.0,0.0,0.0,0.0,0.0,0.0,0.0,0.0420321506635462,0.0,0.0
COV2-2098,0.0,0.0,0.0,0.0,0.0,0.0,0.0,0.0,0.0,0.0,0.0,0.0,0.0,0.0,0.0
COV2-2103,0.0,0.0,0.0,0.0,0.0,0.0,0.0,0.0,0.0,0.0,0.0,0.0,0.0,0.0,0.0
COV2-2113,0.0,0.0,0.0,0.0,0.0574954401590012,0.0,0.0,0.0,0.0,0.0,0.0,0.0,0.0,0.0,0.0
COV2-2268,0.0,0.0,0.0,0.0,0.0,0.0,0.0202660485340631,0.0,0.0,0.0,0.0,0.0,0.0,0.0,0.0
COV2-2308,0.0,0.0,0.0,0.0,0.0,0.0,0.0,0.0,0.0,0.0,0.0,0.0,0.0,0.0,0.0
COV2-2353,0.0,0.0,0.0,0.0,0.0,0.0,0.0,0.0,0.0,0.0,0.2059777006704772,0.0,0.0,0.0,0.0
COV2-2381,0.0,0.0,0.0,0.0,0.0,0.0,0.0,0.0,0.0,0.0,0.0,0.0,0.0,0.0,0.0
COV2-2389,0.0,0.0,0.0,0.0,0.0,0.0,0.0,0.0,0.0,0.0,0.0,0.0,0.0,0.0,0.0
COV2-2391,0.0,0.0,0.0,0.0,0.0,0.0,0.0,0.0,0.0,0.0,0.0,0.0,0.0,0.0,0.0
COV2-2479,0.0,0.0,0.0,0.0,0.0,0.0,0.0,0.0,0.0,0.0071706169329196,0.0,0.0,0.0,0.0,0.0
COV2-2499,0.0,0.0,0.0,0.0,0.0,0.0,0.0067421827237656,0.0,0.0,0.0,0.0,0.0070904874796637,0.1995817910550563,0.0,0.0
COV2-2504,0.0,0.0,0.0,0.0,0.0,0.0,0.0,0.0,0.0,0.2139057476125041,0.0114071076014282,0.0,0.0,0.0,0.0
COV2-2539,0.0,0.0,0.0,0.0,0.0,0.0,0.0,0.0,0.0,0.0014543561132929,0.0,0.0,0.0,0.0,0.0
COV2-2589,0.0,0.0,0.0,0.0,0.4430488872093779,0.0,0.0,0.0,0.0,0.0,0.0,0.0,0.0,0.0,0.0
COV2-2678,0.0,0.0,0.0,0.0,0.0662327139028761,0.0,0.0,0.0,0.0,0.0,0.0,0.0,0.0,0.0,0.0
COV2-2684,0.0,0.0,0.0,0.0,0.0,0.0,0.002035866787395,0.0,0.0,0.0,0.0,0.0,0.0,0.0,0.0
COV2-2780,0.0,0.0,0.0,0.0,0.0,0.0,0.0110333985780081,0.0,0.0,0.0,0.0,0.0130216705819128,0.0,0.0,0.0
COV2-2807,0.0,0.0,0.0,0.0,0.3298160089124167,0.0,0.0,0.0,0.0,0.0,0.3278401739592352,0.0085136069861664,0.0,0.0,0.0
COV2-2828,0.0,0.0,0.0,0.0,0.0,0.0,0.0,0.0,0.0,0.0,0.0,0.0,0.0,0.0,0.0
COV2-2919,0.0,0.0,0.0,0.0,0.2788763594113064,0.0,0.0,0.0,0.0,0.0,0.1904688161534954,0.0146520941581082,0.0,0.0,0.0
COV2-2941,0.0,0.0,0.0,0.0,0.0,0.0,0.0,0.0,0.0,0.0,0.0,0.0,0.0,0.0,0.0
COV2-2955,0.0,0.0,0.0,0.0,0.0,0.0,0.0,0.0,0.0,0.0139403973459533,0.0,0.0,0.0,0.0,0.0
COVA1-16,0.0,0.0,0.0,0.0,0.0,0.0,0.0,0.0,0.0,0.0,0.0,0.0,0.0,0.0,0.0
COVA2-04,0.0,0.0,0.0,0.0,0.5195045176282139,0.0,0.0,0.0,0.0,0.0,0.0,0.0,0.0,0.0,0.0
COVA2-39,0.0,0.0,0.0,0.0,0.0,0.0,0.0,0.0,0.0,0.460523383102692,0.0,0.0,0.0,0.0,0.0
COVOX-150,0.0056856357045052,0.0123518594397934,0.0141982653870727,0.0,0.0097928002839287,0.0088836593073031,0.0155218785685927,0.0047843869515013,0.0063332871128203,0.0094390795054678,0.0098185173416523,0.0040454545620727,0.002432248820737,0.0083488732244073,0.0055047902982584
COVOX-222,0.0049117815601271,0.0051344858461467,0.003260285050282,0.0,0.0075372444534099,0.0044429622583676,0.0068671602544365,0.0036372028320218,0.0046555866995038,0.0021801768151843,0.0026849575927023,0.0043263912260123,0.0052355567734042,0.0035726633573543,0.0054254671020107
COVOX-253H165L,0.0,0.0,0.0,0.0,0.0,0.0,0.0,0.0,0.0,0.0,0.0,0.0,0.0,0.0,0.0
COVOX-253H55L,0.0,0.0,0.0,0.0,0.0,0.0,0.0,0.0,0.0,0.0,0.0,0.0,0.0,0.0,0.0
COVOX-269,0.0,0.0,0.0,0.0,0.0137537557636082,0.0,0.0,0.0,0.0,0.0,0.0,0.0,0.0,0.0,0.0
COVOX-316,0.0,0.0,0.0,0.0,0.0,0.0,0.0,0.0,0.0,1.0085858465790176,1.0101142368900966,0.0,0.0,0.0,0.0
COVOX-384,0.0,0.0,0.0,0.0,0.0,0.0,0.0,0.0,0.0,0.9986732637689062,0.0,0.0,0.0,0.0,0.0
COVOX-75,0.0,0.0,0.0,0.0,0.0,0.0,0.2220174238375407,0.0,0.0,0.0,0.0,0.0,0.0,0.0,0.0
COVOX-88,0.0,0.0,0.0,0.0,0.0807003568487337,0.0,0.0,0.0,0.0,0.0,0.0,0.0,0.0,0.0,0.0
CV-X2-106,0.0,0.0,0.0,0.0,0.0,0.0,0.0,0.0,0.0,0.0,0.0,0.0,0.0,0.0,0.0
CV05-163,0.0,0.0,0.0,0.0,0.0,0.0,0.0,0.0,0.0,0.0039249944098084,0.0,0.0,0.0,0.0,0.0
CV07-200,0.0,0.0,0.0,0.0,0.0,0.0,0.0,0.0,0.0,0.1875163048364771,0.0,0.0,0.0,0.0,0.0
CV07-209,0.0,0.0,0.0,0.0,0.0,0.0,0.0,0.0,0.0,0.0,0.0,0.0,0.0,0.0,0.0
CV07-222,0.0,0.0,0.0,0.0,0.0,0.0,0.0,0.0,0.0,0.0742270405348078,0.0,0.0,0.0,0.0,0.0
CV07-255,0.0,0.0,0.0,0.0,0.0,0.0,0.0,0.0,0.0,0.4305199250978389,0.5417228931388414,0.0,0.0,0.0,0.0
CV07-262,0.0,0.0,0.0,0.0,0.0,0.0,0.0,0.0,0.0,0.0416083982771052,0.0,0.0,0.0,0.0,0.0
CV07-270,0.0,0.0,0.0,0.0,0.0,0.0,0.0,0.0,0.0,0.0,0.0,0.0,0.0,0.0,0.0
CV07-283,0.0,0.0,0.0,0.0,0.0,0.0,0.0,0.0,0.0,0.1790216704804262,0.0,0.0,0.0,0.0,0.0
CV07-287,0.0,0.0,0.0,0.0,0.0,0.0,0.0,0.0,0.0,0.0,0.0,0.0,0.0,0.0,0.0
CV07-315,0.0,0.0,0.0,0.0,0.0,0.0,0.0,0.0,0.0,2.120077641060213,0.0,0.0,0.0,0.0,0.0
CV30,0.0,0.0,0.0,0.0,0.5639851689091646,0.0,0.0,0.0,0.0,0.0,0.0,0.0,0.0,0.0,0.0
DH1041,0.0,0.0,0.0,0.0,0.0,0.0,0.0,0.0,0.0,0.0044501308477225,0.0,0.0,0.0,0.0,0.0
DH1042,0.0,0.0,0.0,0.0,0.0,0.0,0.0,0.0,0.0,0.0,0.0,0.0,0.0,0.0,0.0
DH1043,0.0,0.0,0.0,0.0,0.0,0.0,0.0,0.0,0.0,0.0,0.0,0.0,0.0,0.0,0.0
DH1044,0.0,0.0,0.0,0.0,0.0,0.0,0.0,0.0,0.0,0.0,0.0,0.0,0.0,0.0,0.0
DH1045,0.0,0.0,0.0,0.0,0.0,0.0,0.0,0.0,0.0,0.0,0.0,0.0,0.0,0.0,0.0
DH1047,0.0,0.0,0.0,0.0,0.0267399937963034,0.0,0.0,0.0,0.0,0.0,0.0,0.0,0.0,0.0,0.0
DH1111,0.0,0.0,0.0,0.0,0.0,0.0,0.0,0.0,0.0,0.7450175305518824,0.0,0.0,0.0,0.0,0.0
DH1126,0.0,0.0,0.0,0.0,0.0279169169294737,0.0,0.0,0.0,0.0,0.0,0.0,0.0,0.0,0.0,0.0
DH1140,0.0,0.0,0.0,0.0,0.0513650801069261,0.0,0.0,0.0,0.0,0.0,0.0,0.0,0.0,0.0,0.0
DH1151,0.0,0.0,0.0,0.0,0.0,0.0,0.0,0.0,0.0,0.0,0.0,0.0,0.0,0.0,0.0
DH1154,0.0,0.0,0.0,0.0,0.0600888191856472,0.0,0.0,0.0,0.0,0.0,0.0,0.0,0.0,0.0,0.0
DH1159-2,0.0,0.0,0.0,0.0,0.0,0.0,0.0,0.0,0.0,0.4858920161356793,0.0,0.0,0.0,0.0,0.0
DH1160,0.0,0.0,0.0,0.0,0.0,0.0,0.0,0.0,0.0,0.0,0.0,0.3134984718328,0.0,0.0,0.0
DH1161-2,0.0,0.0,0.0,0.0,0.0,0.0,0.0,0.0,0.0,0.0,0.0,0.5936746773663804,0.0,0.0,0.0
DH1173,0.0,0.0,0.0,0.0,0.0,0.0,0.0,0.0,0.0,0.4224188912380905,0.406366420820525,0.0,0.0,0.0,0.0
DH1179,0.0,0.0,0.0,0.0,0.4255075373493482,0.0,0.0,0.0,0.0,0.0,0.0,0.0,0.0,0.0,0.0
DH1184,0.0,0.0,0.0,0.0,0.0,0.0,0.0,0.0,0.0,0.0226085831919732,0.0,0.0,0.0,0.0,0.0
DH1186,0.0,0.0,0.0,0.0,0.0,0.0,0.0,0.0,0.0,0.0010164724863184,0.0,0.0,0.0,0.0,0.0
DH1193,0.0,0.0,0.0,0.0,0.0,0.0,0.0,0.0,0.0,0.0,0.0,0.0,0.0,0.0,0.0
DH1210,0.0,0.0,0.0,0.0,0.0,0.0,0.0,0.0,0.0,0.0,0.298827800784065,0.0,0.0,0.0,0.0
DH1214,0.0,0.0,0.0,0.0,0.0,0.0,0.0,0.0,0.0,0.003829523346608,0.0,0.0,0.0,0.0,0.0
Ehling_mAb-50,0.0,0.0,0.0,0.0,0.0,0.0,0.1501517586035895,0.0,0.0,0.0,0.0,0.0,0.0,0.0,0.0
Ehling_mAb-64,0.0,0.0,0.0,0.0,0.1386547171282102,0.0,0.0,0.0,0.0,0.0,0.0,0.0,0.0,0.0,0.0
H4,0.0,0.0,0.0,0.0,0.0,0.0,0.0,0.0,0.0,0.3304641451373175,0.0,0.0,0.0,0.0,0.0
LY-CoV1404,0.0,0.0,0.0,0.0,0.0,0.0,0.0,0.0,0.0,0.0,0.0,0.0,0.0,0.0,0.0
LY-CoV481,0.0,0.0,0.0,0.0,0.0,0.0,0.0,0.0,0.0,0.0,0.0,0.0,0.0,0.0725884325008148,0.0
LY-CoV488,0.0,0.0,0.0,0.0,0.4735517004935897,0.0,0.0,0.0,0.0,0.0,0.0,0.0,0.0,0.0,0.0111457863363171
LY-CoV555,0.0,0.0,0.0,0.0,0.0,0.0,0.0,0.0,0.0,0.3449583481944571,0.7657615848278806,0.0,0.0,0.0,0.0
P17,0.0,0.0,0.0,0.0,0.0,0.0,0.0,0.0,0.0,0.5388642389860933,0.0,0.0,0.0,0.0,0.0
P2B-1A10,0.0,0.0,0.0,0.0,0.3667228762847871,0.0,0.0,0.0,0.0,0.0,0.0,0.0,0.0,0.0,0.0
P2B-2F6,0.0,0.0,0.0,0.0,0.0,0.0,0.0055525928250219,0.0,0.0,0.145771763408596,0.0,0.0,0.0,0.0,0.0
P2C-1A3,0.0,0.0,0.0,0.0,0.0,0.0,0.0,0.0,0.0,0.7238555336308103,0.0,0.0,0.0,0.0,0.0
P4A1,0.0,0.0,0.0,0.0,0.557422802919386,0.0,0.0,0.0,0.0,0.0,0.0,0.0,0.0,0.0,0.0
P5A-2G9,0.0,0.0,0.0,0.0,0.2209412904496965,0.0,0.0,0.0,0.0,0.0,0.0083708805385401,0.0165227437193019,0.0,0.0,0.0
P5A-3A1,0.0,0.0,0.0,0.0,0.2180479962943175,0.0,0.0,0.0,0.0,0.0,0.0,0.0,0.0,0.0,0.0
REGN10933,0.0,0.0,0.0,0.0,0.0555290956619572,0.0,0.0,0.0,0.0,0.0429766985804296,0.1346597372875991,0.0,0.0,0.0,0.0
REGN10987,0.0,0.0,0.0,0.0,0.0,0.0295279096513929,0.3914460868315564,0.0,0.0,0.0,0.0,0.0,0.0,0.0,0.0
S2E12,0.0,0.0,0.0,0.0,0.0,0.0,0.0,0.0,0.0,0.0,0.0,0.0,0.0,0.0,0.0
S2H13,0.0,0.0,0.0,0.0,0.0,0.0,0.0,0.0,0.0,0.6211062514629715,0.0,0.0,0.0,0.0,0.0
S2M11,0.0,0.0,0.0,0.0,0.0,0.0,0.0,0.0,0.0,0.4942933407191848,0.5287235900039232,0.0,0.0,0.0,0.0
S304,0.0,0.0,0.0,0.0,0.0,0.0,0.0,0.0,0.0,0.0,0.0,0.0,0.0,0.0,0.0
S309,0.0,0.0,0.0,0.0,0.0,0.0,0.0,0.0,0.0,0.0,0.0,0.0,0.0,0.0,0.0
TAU-2230,0.0,0.0,0.0,0.0,0.0,0.0,0.1121302177732165,0.0,0.0,0.0,0.0,0.0,0.0,0.0,0.0
WIBP-2B11,0.0,0.0,0.0,0.0,0.0359741939530987,0.0,0.0,0.0,0.0,0.0,0.0,0.0,0.0,0.0,0.0
